Pair,AltName,BaseCurrency,QuoteCurrency,TakerFee%,MakerFee%
1INCHEUR,1INCHEUR,1INCH,ZEUR,0.4,0.25
1INCHUSD,1INCHUSD,1INCH,ZUSD,0.4,0.25
AAVEETH,AAVEETH,AAVE,XETH,0.4,0.25
AAVEEUR,AAVEEUR,AAVE,ZEUR,0.4,0.25
AAVEGBP,AAVEGBP,AAVE,ZGBP,0.4,0.25
AAVEUSD,AAVEUSD,AAVE,ZUSD,0.4,0.25
AAVEXBT,AAVEXBT,AAVE,XXBT,0.4,0.25
ACAEUR,ACAEUR,ACA,ZEUR,0.4,0.25
ACAUSD,ACAUSD,ACA,ZUSD,0.4,0.25
ACHEUR,ACHEUR,ACH,ZEUR,0.4,0.25
ACHUSD,ACHUSD,ACH,ZUSD,0.4,0.25
ADAAUD,ADAAUD,ADA,ZAUD,0.4,0.25
ADAETH,ADAETH,ADA,XETH,0.4,0.25
ADAEUR,ADAEUR,ADA,ZEUR,0.4,0.25
ADAGBP,ADAGBP,ADA,ZGBP,0.4,0.25
ADAUSD,ADAUSD,ADA,ZUSD,0.4,0.25
ADAUSDC,ADAUSDC,ADA,USDC,0.4,0.25
ADAUSDT,ADAUSDT,ADA,USDT,0.4,0.25
ADAXBT,ADAXBT,ADA,XXBT,0.4,0.25
ADXEUR,ADXEUR,ADX,ZEUR,0.4,0.25
ADXUSD,ADXUSD,ADX,ZUSD,0.4,0.25
AEVOEUR,AEVOEUR,AEVO,ZEUR,0.4,0.25
AEVOUSD,AEVOUSD,AEVO,ZUSD,0.4,0.25
AGLDEUR,AGLDEUR,AGLD,ZEUR,0.4,0.25
AGLDUSD,AGLDUSD,AGLD,ZUSD,0.4,0.25
AIREUR,AIREUR,AIR,ZEUR,0.4,0.25
AIRUSD,AIRUSD,AIR,ZUSD,0.4,0.25
AKTEUR,AKTEUR,AKT,ZEUR,0.4,0.25
AKTUSD,AKTUSD,AKT,ZUSD,0.4,0.25
ALCXEUR,ALCXEUR,ALCX,ZEUR,0.4,0.25
ALCXUSD,ALCXUSD,ALCX,ZUSD,0.4,0.25
ALGOETH,ALGOETH,ALGO,XETH,0.4,0.25
ALGOEUR,ALGOEUR,ALGO,ZEUR,0.4,0.25
ALGOGBP,ALGOGBP,ALGO,ZGBP,0.4,0.25
ALGOUSD,ALGOUSD,ALGO,ZUSD,0.4,0.25
ALGOUSDC,ALGOUSDC,ALGO,USDC,0.4,0.25
ALGOUSDT,ALGOUSDT,ALGO,USDT,0.4,0.25
ALGOXBT,ALGOXBT,ALGO,XXBT,0.4,0.25
ALICEEUR,ALICEEUR,ALICE,ZEUR,0.4,0.25
ALICEUSD,ALICEUSD,ALICE,ZUSD,0.4,0.25
ALPHAEUR,ALPHAEUR,ALPHA,ZEUR,0.4,0.25
ALPHAUSD,ALPHAUSD,ALPHA,ZUSD,0.4,0.25
ALTEUR,ALTEUR,ALT,ZEUR,0.4,0.25
ALTUSD,ALTUSD,ALT,ZUSD,0.4,0.25
ANKREUR,ANKREUR,ANKR,ZEUR,0.4,0.25
ANKRUSD,ANKRUSD,ANKR,ZUSD,0.4,0.25
ANKRXBT,ANKRXBT,ANKR,XXBT,0.4,0.25
APEEUR,APEEUR,APE,ZEUR,0.4,0.25
APEUSD,APEUSD,APE,ZUSD,0.4,0.25
APEUSDC,APEUSDC,APE,USDC,0.4,0.25
APEUSDT,APEUSDT,APE,USDT,0.4,0.25
API3EUR,API3EUR,API3,ZEUR,0.4,0.25
API3USD,API3USD,API3,ZUSD,0.4,0.25
APTEUR,APTEUR,APT,ZEUR,0.4,0.25
APTUSD,APTUSD,APT,ZUSD,0.4,0.25
APUEUR,APUEUR,APU,ZEUR,0.4,0.25
APUUSD,APUUSD,APU,ZUSD,0.4,0.25
ARBEUR,ARBEUR,ARB,ZEUR,0.4,0.25
ARBUSD,ARBUSD,ARB,ZUSD,0.4,0.25
ARKMEUR,ARKMEUR,ARKM,ZEUR,0.4,0.25
ARKMUSD,ARKMUSD,ARKM,ZUSD,0.4,0.25
ARPAEUR,ARPAEUR,ARPA,ZEUR,0.4,0.25
ARPAUSD,ARPAUSD,ARPA,ZUSD,0.4,0.25
ASTREUR,ASTREUR,ASTR,ZEUR,0.4,0.25
ASTRUSD,ASTRUSD,ASTR,ZUSD,0.4,0.25
ATHEUR,ATHEUR,ATH,ZEUR,0.4,0.25
ATHUSD,ATHUSD,ATH,ZUSD,0.4,0.25
ATLASEUR,ATLASEUR,ATLAS,ZEUR,0.4,0.25
ATLASUSD,ATLASUSD,ATLAS,ZUSD,0.4,0.25
ATOMETH,ATOMETH,ATOM,XETH,0.4,0.25
ATOMEUR,ATOMEUR,ATOM,ZEUR,0.4,0.25
ATOMGBP,ATOMGBP,ATOM,ZGBP,0.4,0.25
ATOMUSD,ATOMUSD,ATOM,ZUSD,0.4,0.25
ATOMUSDC,ATOMUSDC,ATOM,USDC,0.4,0.25
ATOMUSDT,ATOMUSDT,ATOM,USDT,0.4,0.25
ATOMXBT,ATOMXBT,ATOM,XXBT,0.4,0.25
AUCTIONEUR,AUCTIONEUR,AUCTION,ZEUR,0.4,0.25
AUCTIONUSD,AUCTIONUSD,AUCTION,ZUSD,0.4,0.25
AUDIOEUR,AUDIOEUR,AUDIO,ZEUR,0.4,0.25
AUDIOUSD,AUDIOUSD,AUDIO,ZUSD,0.4,0.25
AUDJPY,AUDJPY,ZAUD,ZJPY,0.2,0.2
AUDUSD,AUDUSD,ZAUD,ZUSD,0.2,0.2
AVAXEUR,AVAXEUR,AVAX,ZEUR,0.4,0.25
AVAXUSD,AVAXUSD,AVAX,ZUSD,0.4,0.25
AVAXUSDC,AVAXUSDC,AVAX,USDC,0.4,0.25
AVAXUSDT,AVAXUSDT,AVAX,USDT,0.4,0.25
AXSEUR,AXSEUR,AXS,ZEUR,0.4,0.25
AXSUSD,AXSUSD,AXS,ZUSD,0.4,0.25
BADGEREUR,BADGEREUR,BADGER,ZEUR,0.4,0.25
BADGERUSD,BADGERUSD,BADGER,ZUSD,0.4,0.25
BALEUR,BALEUR,BAL,ZEUR,0.4,0.25
BALUSD,BALUSD,BAL,ZUSD,0.4,0.25
BANDEUR,BANDEUR,BAND,ZEUR,0.4,0.25
BANDUSD,BANDUSD,BAND,ZUSD,0.4,0.25
BATEUR,BATEUR,BAT,ZEUR,0.4,0.25
BATUSD,BATUSD,BAT,ZUSD,0.4,0.25
BCHAUD,BCHAUD,BCH,ZAUD,0.4,0.25
BCHETH,BCHETH,BCH,XETH,0.4,0.25
BCHEUR,BCHEUR,BCH,ZEUR,0.4,0.25
BCHGBP,BCHGBP,BCH,ZGBP,0.4,0.25
BCHJPY,BCHJPY,BCH,ZJPY,0.4,0.25
BCHUSD,BCHUSD,BCH,ZUSD,0.4,0.25
BCHUSDC,BCHUSDC,BCH,USDC,0.4,0.25
BCHUSDT,BCHUSDT,BCH,USDT,0.4,0.25
BCHXBT,BCHXBT,BCH,XXBT,0.4,0.25
BEAMEUR,BEAMEUR,BEAM,ZEUR,0.4,0.25
BEAMUSD,BEAMUSD,BEAM,ZUSD,0.4,0.25
BICOEUR,BICOEUR,BICO,ZEUR,0.4,0.25
BICOUSD,BICOUSD,BICO,ZUSD,0.4,0.25
BIGTIMEEUR,BIGTIMEEUR,BIGTIME,ZEUR,0.4,0.25
BIGTIMEUSD,BIGTIMEUSD,BIGTIME,ZUSD,0.4,0.25
BITEUR,BITEUR,BIT,ZEUR,0.4,0.25
BITUSD,BITUSD,BIT,ZUSD,0.4,0.25
BLUREUR,BLUREUR,BLUR,ZEUR,0.4,0.25
BLURUSD,BLURUSD,BLUR,ZUSD,0.4,0.25
BLZEUR,BLZEUR,BLZ,ZEUR,0.4,0.25
BLZUSD,BLZUSD,BLZ,ZUSD,0.4,0.25
BNCEUR,BNCEUR,BNC,ZEUR,0.4,0.25
BNCUSD,BNCUSD,BNC,ZUSD,0.4,0.25
BNTEUR,BNTEUR,BNT,ZEUR,0.4,0.25
BNTUSD,BNTUSD,BNT,ZUSD,0.4,0.25
BOBAEUR,BOBAEUR,BOBA,ZEUR,0.4,0.25
BOBAUSD,BOBAUSD,BOBA,ZUSD,0.4,0.25
BODENEUR,BODENEUR,BODEN,ZEUR,0.4,0.25
BODENUSD,BODENUSD,BODEN,ZUSD,0.4,0.25
BONDEUR,BONDEUR,BOND,ZEUR,0.4,0.25
BONDUSD,BONDUSD,BOND,ZUSD,0.4,0.25
BONKEUR,BONKEUR,BONK,ZEUR,0.4,0.25
BONKUSD,BONKUSD,BONK,ZUSD,0.4,0.25
BRICKEUR,BRICKEUR,BRICK,ZEUR,0.4,0.25
BRICKUSD,BRICKUSD,BRICK,ZUSD,0.4,0.25
BSXEUR,BSXEUR,BSX,ZEUR,0.4,0.25
BSXUSD,BSXUSD,BSX,ZUSD,0.4,0.25
BTTEUR,BTTEUR,BTT,ZEUR,0.4,0.25
BTTUSD,BTTUSD,BTT,ZUSD,0.4,0.25
C98EUR,C98EUR,C98,ZEUR,0.4,0.25
C98USD,C98USD,C98,ZUSD,0.4,0.25
CELREUR,CELREUR,CELR,ZEUR,0.4,0.25
CELRUSD,CELRUSD,CELR,ZUSD,0.4,0.25
CFGEUR,CFGEUR,CFG,ZEUR,0.4,0.25
CFGUSD,CFGUSD,CFG,ZUSD,0.4,0.25
CHREUR,CHREUR,CHR,ZEUR,0.4,0.25
CHRUSD,CHRUSD,CHR,ZUSD,0.4,0.25
CHZEUR,CHZEUR,CHZ,ZEUR,0.4,0.25
CHZUSD,CHZUSD,CHZ,ZUSD,0.4,0.25
CLOUDEUR,CLOUDEUR,CLOUD,ZEUR,0.4,0.25
CLOUDUSD,CLOUDUSD,CLOUD,ZUSD,0.4,0.25
COMPEUR,COMPEUR,COMP,ZEUR,0.4,0.25
COMPUSD,COMPUSD,COMP,ZUSD,0.4,0.25
COMPXBT,COMPXBT,COMP,XXBT,0.4,0.25
COTIEUR,COTIEUR,COTI,ZEUR,0.4,0.25
COTIUSD,COTIUSD,COTI,ZUSD,0.4,0.25
CPOOLEUR,CPOOLEUR,CPOOL,ZEUR,0.4,0.25
CPOOLUSD,CPOOLUSD,CPOOL,ZUSD,0.4,0.25
CQTEUR,CQTEUR,CQT,ZEUR,0.4,0.25
CQTUSD,CQTUSD,CQT,ZUSD,0.4,0.25
CRVEUR,CRVEUR,CRV,ZEUR,0.4,0.25
CRVUSD,CRVUSD,CRV,ZUSD,0.4,0.25
CSMEUR,CSMEUR,CSM,ZEUR,0.4,0.25
CSMUSD,CSMUSD,CSM,ZUSD,0.4,0.25
CTSIEUR,CTSIEUR,CTSI,ZEUR,0.4,0.25
CTSIUSD,CTSIUSD,CTSI,ZUSD,0.4,0.25
CVCEUR,CVCEUR,CVC,ZEUR,0.4,0.25
CVCUSD,CVCUSD,CVC,ZUSD,0.4,0.25
CVXEUR,CVXEUR,CVX,ZEUR,0.4,0.25
CVXUSD,CVXUSD,CVX,ZUSD,0.4,0.25
CXTEUR,CXTEUR,CXT,ZEUR,0.4,0.25
CXTUSD,CXTUSD,CXT,ZUSD,0.4,0.25
DAIEUR,DAIEUR,DAI,ZEUR,0.2,0.2
DAIUSD,DAIUSD,DAI,ZUSD,0.2,0.2
DAIUSDT,DAIUSDT,DAI,USDT,0.2,0.2
DASHEUR,DASHEUR,DASH,ZEUR,0.4,0.25
DASHUSD,DASHUSD,DASH,ZUSD,0.4,0.25
DBREUR,DBREUR,DBR,ZEUR,0.4,0.25
DBRUSD,DBRUSD,DBR,ZUSD,0.4,0.25
DENTEUR,DENTEUR,DENT,ZEUR,0.4,0.25
DENTUSD,DENTUSD,DENT,ZUSD,0.4,0.25
DOTETH,DOTETH,DOT,XETH,0.4,0.25
DOTEUR,DOTEUR,DOT,ZEUR,0.4,0.25
DOTGBP,DOTGBP,DOT,ZGBP,0.4,0.25
DOTJPY,DOTJPY,DOT,ZJPY,0.4,0.25
DOTUSD,DOTUSD,DOT,ZUSD,0.4,0.25
DOTUSDC,DOTUSDC,DOT,USDC,0.4,0.25
DOTUSDT,DOTUSDT,DOT,USDT,0.4,0.25
DOTXBT,DOTXBT,DOT,XXBT,0.4,0.25
DRIFTEUR,DRIFTEUR,DRIFT,ZEUR,0.4,0.25
DRIFTUSD,DRIFTUSD,DRIFT,ZUSD,0.4,0.25
DYDXEUR,DYDXEUR,DYDX,ZEUR,0.4,0.25
DYDXUSD,DYDXUSD,DYDX,ZUSD,0.4,0.25
DYMEUR,DYMEUR,DYM,ZEUR,0.4,0.25
DYMUSD,DYMUSD,DYM,ZUSD,0.4,0.25
EGLDEUR,EGLDEUR,EGLD,ZEUR,0.4,0.25
EGLDUSD,EGLDUSD,EGLD,ZUSD,0.4,0.25
EIGENEUR,EIGENEUR,EIGEN,ZEUR,0.4,0.25
EIGENUSD,EIGENUSD,EIGEN,ZUSD,0.4,0.25
ENAEUR,ENAEUR,ENA,ZEUR,0.4,0.25
ENAUSD,ENAUSD,ENA,ZUSD,0.4,0.25
ENJEUR,ENJEUR,ENJ,ZEUR,0.4,0.25
ENJUSD,ENJUSD,ENJ,ZUSD,0.4,0.25
ENSEUR,ENSEUR,ENS,ZEUR,0.4,0.25
ENSUSD,ENSUSD,ENS,ZUSD,0.4,0.25
EOSEUR,EOSEUR,EOS,ZEUR,0.4,0.25
EOSUSD,EOSUSD,EOS,ZUSD,0.4,0.25
EOSUSDC,EOSUSDC,EOS,USDC,0.4,0.25
EOSUSDT,EOSUSDT,EOS,USDT,0.4,0.25
ETHAUD,ETHAUD,XETH,ZAUD,0.4,0.25
ETHCHF,ETHCHF,XETH,CHF,0.4,0.25
ETHDAI,ETHDAI,XETH,DAI,0.4,0.25
ETHFIEUR,ETHFIEUR,ETHFI,ZEUR,0.4,0.25
ETHFIUSD,ETHFIUSD,ETHFI,ZUSD,0.4,0.25
ETHPYUSD,ETHPYUSD,XETH,PYUSD,0.4,0.25
ETHUSDC,ETHUSDC,XETH,USDC,0.4,0.25
ETHUSDT,ETHUSDT,XETH,USDT,0.4,0.25
ETHWETH,ETHWETH,ETHW,XETH,0.4,0.25
ETHWEUR,ETHWEUR,ETHW,ZEUR,0.4,0.25
ETHWUSD,ETHWUSD,ETHW,ZUSD,0.4,0.25
EULEUR,EULEUR,EUL,ZEUR,0.4,0.25
EULUSD,EULUSD,EUL,ZUSD,0.4,0.25
EURAUD,EURAUD,ZEUR,ZAUD,0.2,0.2
EURCAD,EURCAD,ZEUR,ZCAD,0.2,0.2
EURCHF,EURCHF,ZEUR,CHF,0.2,0.2
EURGBP,EURGBP,ZEUR,ZGBP,0.2,0.2
EURJPY,EURJPY,ZEUR,ZJPY,0.2,0.2
EURQEUR,EURQEUR,EURQ,ZEUR,0.01,0.0
EURQUSD,EURQUSD,EURQ,ZUSD,0.01,0.0
EURTEUR,EURTEUR,EURT,ZEUR,0.2,0.2
EURTUSD,EURTUSD,EURT,ZUSD,0.2,0.2
EURTUSDT,EURTUSDT,EURT,USDT,0.2,0.2
EWTEUR,EWTEUR,EWT,ZEUR,0.4,0.25
EWTUSD,EWTUSD,EWT,ZUSD,0.4,0.25
FARMEUR,FARMEUR,FARM,ZEUR,0.4,0.25
FARMUSD,FARMUSD,FARM,ZUSD,0.4,0.25
FETEUR,FETEUR,FET,ZEUR,0.4,0.25
FETUSD,FETUSD,FET,ZUSD,0.4,0.25
FIDAEUR,FIDAEUR,FIDA,ZEUR,0.4,0.25
FIDAUSD,FIDAUSD,FIDA,ZUSD,0.4,0.25
FILETH,FILETH,FIL,XETH,0.4,0.25
FILEUR,FILEUR,FIL,ZEUR,0.4,0.25
FILGBP,FILGBP,FIL,ZGBP,0.4,0.25
FILUSD,FILUSD,FIL,ZUSD,0.4,0.25
FILXBT,FILXBT,FIL,XXBT,0.4,0.25
FISEUR,FISEUR,FIS,ZEUR,0.4,0.25
FISUSD,FISUSD,FIS,ZUSD,0.4,0.25
FLOKIEUR,FLOKIEUR,FLOKI,ZEUR,0.4,0.25
FLOKIUSD,FLOKIUSD,FLOKI,ZUSD,0.4,0.25
FLOWEUR,FLOWEUR,FLOW,ZEUR,0.4,0.25
FLOWUSD,FLOWUSD,FLOW,ZUSD,0.4,0.25
FLREUR,FLREUR,FLR,ZEUR,0.4,0.25
FLRUSD,FLRUSD,FLR,ZUSD,0.4,0.25
FORTHEUR,FORTHEUR,FORTH,ZEUR,0.4,0.25
FORTHUSD,FORTHUSD,FORTH,ZUSD,0.4,0.25
FTMEUR,FTMEUR,FTM,ZEUR,0.4,0.25
FTMUSD,FTMUSD,FTM,ZUSD,0.4,0.25
FWOGEUR,FWOGEUR,FWOG,ZEUR,0.4,0.25
FWOGUSD,FWOGUSD,FWOG,ZUSD,0.4,0.25
FXSEUR,FXSEUR,FXS,ZEUR,0.4,0.25
FXSUSD,FXSUSD,FXS,ZUSD,0.4,0.25
GALAEUR,GALAEUR,GALA,ZEUR,0.4,0.25
GALAUSD,GALAUSD,GALA,ZUSD,0.4,0.25
GALEUR,GALEUR,GAL,ZEUR,0.4,0.25
GALUSD,GALUSD,GAL,ZUSD,0.4,0.25
GARIEUR,GARIEUR,GARI,ZEUR,0.4,0.25
GARIUSD,GARIUSD,GARI,ZUSD,0.4,0.25
GFIEUR,GFIEUR,GFI,ZEUR,0.4,0.25
GFIUSD,GFIUSD,GFI,ZUSD,0.4,0.25
GHSTEUR,GHSTEUR,GHST,ZEUR,0.4,0.25
GHSTUSD,GHSTUSD,GHST,ZUSD,0.4,0.25
GIGAEUR,GIGAEUR,GIGA,ZEUR,0.4,0.25
GIGAUSD,GIGAUSD,GIGA,ZUSD,0.4,0.25
GLMREUR,GLMREUR,GLMR,ZEUR,0.4,0.25
GLMRUSD,GLMRUSD,GLMR,ZUSD,0.4,0.25
GMTEUR,GMTEUR,GMT,ZEUR,0.4,0.25
GMTUSD,GMTUSD,GMT,ZUSD,0.4,0.25
GMXEUR,GMXEUR,GMX,ZEUR,0.4,0.25
GMXUSD,GMXUSD,GMX,ZUSD,0.4,0.25
GNOEUR,GNOEUR,GNO,ZEUR,0.4,0.25
GNOUSD,GNOUSD,GNO,ZUSD,0.4,0.25
GOATEUR,GOATEUR,GOAT,ZEUR,0.4,0.25
GOATUSD,GOATUSD,GOAT,ZUSD,0.4,0.25
GRTEUR,GRTEUR,GRT,ZEUR,0.4,0.25
GRTGBP,GRTGBP,GRT,ZGBP,0.4,0.25
GRTUSD,GRTUSD,GRT,ZUSD,0.4,0.25
GRTXBT,GRTXBT,GRT,XXBT,0.4,0.25
GSTEUR,GSTEUR,GST,ZEUR,0.4,0.25
GSTUSD,GSTUSD,GST,ZUSD,0.4,0.25
GTCEUR,GTCEUR,GTC,ZEUR,0.4,0.25
GTCUSD,GTCUSD,GTC,ZUSD,0.4,0.25
HDXEUR,HDXEUR,HDX,ZEUR,0.4,0.25
HDXUSD,HDXUSD,HDX,ZUSD,0.4,0.25
HFTEUR,HFTEUR,HFT,ZEUR,0.4,0.25
HFTUSD,HFTUSD,HFT,ZUSD,0.4,0.25
HNTEUR,HNTEUR,HNT,ZEUR,0.4,0.25
HNTUSD,HNTUSD,HNT,ZUSD,0.4,0.25
HONEYEUR,HONEYEUR,HONEY,ZEUR,0.4,0.25
HONEYUSD,HONEYUSD,HONEY,ZUSD,0.4,0.25
ICPEUR,ICPEUR,ICP,ZEUR,0.4,0.25
ICPUSD,ICPUSD,ICP,ZUSD,0.4,0.25
ICXEUR,ICXEUR,ICX,ZEUR,0.4,0.25
ICXUSD,ICXUSD,ICX,ZUSD,0.4,0.25
IDEXEUR,IDEXEUR,IDEX,ZEUR,0.4,0.25
IDEXUSD,IDEXUSD,IDEX,ZUSD,0.4,0.25
IMXEUR,IMXEUR,IMX,ZEUR,0.4,0.25
IMXUSD,IMXUSD,IMX,ZUSD,0.4,0.25
INJEUR,INJEUR,INJ,ZEUR,0.4,0.25
INJUSD,INJUSD,INJ,ZUSD,0.4,0.25
INTREUR,INTREUR,INTR,ZEUR,0.4,0.25
INTRUSD,INTRUSD,INTR,ZUSD,0.4,0.25
JASMYEUR,JASMYEUR,JASMY,ZEUR,0.4,0.25
JASMYUSD,JASMYUSD,JASMY,ZUSD,0.4,0.25
JTOEUR,JTOEUR,JTO,ZEUR,0.4,0.25
JTOUSD,JTOUSD,JTO,ZUSD,0.4,0.25
JUNOEUR,JUNOEUR,JUNO,ZEUR,0.4,0.25
JUNOUSD,JUNOUSD,JUNO,ZUSD,0.4,0.25
JUPEUR,JUPEUR,JUP,ZEUR,0.4,0.25
JUPUSD,JUPUSD,JUP,ZUSD,0.4,0.25
KAREUR,KAREUR,KAR,ZEUR,0.4,0.25
KARUSD,KARUSD,KAR,ZUSD,0.4,0.25
KASEUR,KASEUR,KAS,ZEUR,0.4,0.25
KASUSD,KASUSD,KAS,ZUSD,0.4,0.25
KAVAEUR,KAVAEUR,KAVA,ZEUR,0.4,0.25
KAVAUSD,KAVAUSD,KAVA,ZUSD,0.4,0.25
KEEPEUR,KEEPEUR,KEEP,ZEUR,0.4,0.25
KEEPUSD,KEEPUSD,KEEP,ZUSD,0.4,0.25
KEYEUR,KEYEUR,KEY,ZEUR,0.4,0.25
KEYUSD,KEYUSD,KEY,ZUSD,0.4,0.25
KILTEUR,KILTEUR,KILT,ZEUR,0.4,0.25
KILTUSD,KILTUSD,KILT,ZUSD,0.4,0.25
KINEUR,KINEUR,KIN,ZEUR,0.4,0.25
KINTEUR,KINTEUR,KINT,ZEUR,0.4,0.25
KINTUSD,KINTUSD,KINT,ZUSD,0.4,0.25
KINUSD,KINUSD,KIN,ZUSD,0.4,0.25
KMNOEUR,KMNOEUR,KMNO,ZEUR,0.4,0.25
KMNOUSD,KMNOUSD,KMNO,ZUSD,0.4,0.25
KNCEUR,KNCEUR,KNC,ZEUR,0.4,0.25
KNCUSD,KNCUSD,KNC,ZUSD,0.4,0.25
KP3REUR,KP3REUR,KP3R,ZEUR,0.4,0.25
KP3RUSD,KP3RUSD,KP3R,ZUSD,0.4,0.25
KSMEUR,KSMEUR,KSM,ZEUR,0.4,0.25
KSMGBP,KSMGBP,KSM,ZGBP,0.4,0.25
KSMUSD,KSMUSD,KSM,ZUSD,0.4,0.25
KUJIEUR,KUJIEUR,KUJI,ZEUR,0.4,0.25
KUJIUSD,KUJIUSD,KUJI,ZUSD,0.4,0.25
L3EUR,L3EUR,L3,ZEUR,0.4,0.25
L3USD,L3USD,L3,ZUSD,0.4,0.25
LCXEUR,LCXEUR,LCX,ZEUR,0.4,0.25
LCXUSD,LCXUSD,LCX,ZUSD,0.4,0.25
LDOEUR,LDOEUR,LDO,ZEUR,0.4,0.25
LDOUSD,LDOUSD,LDO,ZUSD,0.4,0.25
LINKAUD,LINKAUD,LINK,ZAUD,0.4,0.25
LINKETH,LINKETH,LINK,XETH,0.4,0.25
LINKEUR,LINKEUR,LINK,ZEUR,0.4,0.25
LINKGBP,LINKGBP,LINK,ZGBP,0.4,0.25
LINKJPY,LINKJPY,LINK,ZJPY,0.4,0.25
LINKUSD,LINKUSD,LINK,ZUSD,0.4,0.25
LINKUSDC,LINKUSDC,LINK,USDC,0.4,0.25
LINKUSDT,LINKUSDT,LINK,USDT,0.4,0.25
LINKXBT,LINKXBT,LINK,XXBT,0.4,0.25
LITEUR,LITEUR,LIT,ZEUR,0.4,0.25
LITUSD,LITUSD,LIT,ZUSD,0.4,0.25
LMWREUR,LMWREUR,LMWR,ZEUR,0.4,0.25
LMWRUSD,LMWRUSD,LMWR,ZUSD,0.4,0.25
LPTEUR,LPTEUR,LPT,ZEUR,0.4,0.25
LPTUSD,LPTUSD,LPT,ZUSD,0.4,0.25
LRCEUR,LRCEUR,LRC,ZEUR,0.4,0.25
LRCUSD,LRCUSD,LRC,ZUSD,0.4,0.25
LSKEUR,LSKEUR,LSK,ZEUR,0.4,0.25
LSKUSD,LSKUSD,LSK,ZUSD,0.4,0.25
LTCAUD,LTCAUD,XLTC,ZAUD,0.4,0.25
LTCETH,LTCETH,XLTC,XETH,0.4,0.25
LTCGBP,LTCGBP,XLTC,ZGBP,0.4,0.25
LTCUSDC,LTCUSDC,XLTC,USDC,0.4,0.25
LTCUSDT,LTCUSDT,XLTC,USDT,0.4,0.25
LUNA2EUR,LUNA2EUR,LUNA2,ZEUR,0.4,0.25
LUNA2USD,LUNA2USD,LUNA2,ZUSD,0.4,0.25
LUNAEUR,LUNAEUR,LUNA,ZEUR,0.4,0.25
LUNAUSD,LUNAUSD,LUNA,ZUSD,0.4,0.25
MANAEUR,MANAEUR,MANA,ZEUR,0.4,0.25
MANAUSD,MANAUSD,MANA,ZUSD,0.4,0.25
MANAUSDC,MANAUSDC,MANA,USDC,0.4,0.25
MANAUSDT,MANAUSDT,MANA,USDT,0.4,0.25
MANAXBT,MANAXBT,MANA,XXBT,0.4,0.25
MASKEUR,MASKEUR,MASK,ZEUR,0.4,0.25
MASKUSD,MASKUSD,MASK,ZUSD,0.4,0.25
MATICEUR,MATICEUR,MATIC,ZEUR,0.4,0.25
MATICGBP,MATICGBP,MATIC,ZGBP,0.4,0.25
MATICPOL,MATICPOL,MATIC,POL,0.2,0.2
MATICUSD,MATICUSD,MATIC,ZUSD,0.4,0.25
MATICUSDC,MATICUSDC,MATIC,USDC,0.4,0.25
MATICUSDT,MATICUSDT,MATIC,USDT,0.4,0.25
MATICXBT,MATICXBT,MATIC,XXBT,0.4,0.25
MCEUR,MCEUR,MC,ZEUR,0.4,0.25
MCUSD,MCUSD,MC,ZUSD,0.4,0.25
MEMEEUR,MEMEEUR,MEME,ZEUR,0.4,0.25
MEMEUSD,MEMEUSD,MEME,ZUSD,0.4,0.25
MEWEUR,MEWEUR,MEW,ZEUR,0.4,0.25
MEWUSD,MEWUSD,MEW,ZUSD,0.4,0.25
MINAEUR,MINAEUR,MINA,ZEUR,0.4,0.25
MINAGBP,MINAGBP,MINA,ZGBP,0.4,0.25
MINAUSD,MINAUSD,MINA,ZUSD,0.4,0.25
MINAXBT,MINAXBT,MINA,XXBT,0.4,0.25
MIREUR,MIREUR,MIR,ZEUR,0.4,0.25
MIRUSD,MIRUSD,MIR,ZUSD,0.4,0.25
MKREUR,MKREUR,MKR,ZEUR,0.4,0.25
MKRUSD,MKRUSD,MKR,ZUSD,0.4,0.25
MKRXBT,MKRXBT,MKR,XXBT,0.4,0.25
MNGOEUR,MNGOEUR,MNGO,ZEUR,0.4,0.25
MNGOUSD,MNGOUSD,MNGO,ZUSD,0.4,0.25
MNTEUR,MNTEUR,MNT,ZEUR,0.4,0.25
MNTUSD,MNTUSD,MNT,ZUSD,0.4,0.25
MOGEUR,MOGEUR,MOG,ZEUR,0.4,0.25
MOGUSD,MOGUSD,MOG,ZUSD,0.4,0.25
MOODENGEUR,MOODENGEUR,MOODENG,ZEUR,0.4,0.25
MOODENGUSD,MOODENGUSD,MOODENG,ZUSD,0.4,0.25
MOONEUR,MOONEUR,MOON,ZEUR,0.4,0.25
MOONUSD,MOONUSD,MOON,ZUSD,0.4,0.25
MORPHOEUR,MORPHOEUR,MORPHO,ZEUR,0.4,0.25
MORPHOUSD,MORPHOUSD,MORPHO,ZUSD,0.4,0.25
MOVREUR,MOVREUR,MOVR,ZEUR,0.4,0.25
MOVRUSD,MOVRUSD,MOVR,ZUSD,0.4,0.25
MSOLEUR,MSOLEUR,MSOL,ZEUR,0.4,0.25
MSOLUSD,MSOLUSD,MSOL,ZUSD,0.4,0.25
MULTIEUR,MULTIEUR,MULTI,ZEUR,0.4,0.25
MULTIUSD,MULTIUSD,MULTI,ZUSD,0.4,0.25
MVEUR,MVEUR,MV,ZEUR,0.4,0.25
MVUSD,MVUSD,MV,ZUSD,0.4,0.25
MXCEUR,MXCEUR,MXC,ZEUR,0.4,0.25
MXCUSD,MXCUSD,MXC,ZUSD,0.4,0.25
NANOEUR,NANOEUR,NANO,ZEUR,0.4,0.25
NANOUSD,NANOUSD,NANO,ZUSD,0.4,0.25
NEAREUR,NEAREUR,NEAR,ZEUR,0.4,0.25
NEARUSD,NEARUSD,NEAR,ZUSD,0.4,0.25
NEIROEUR,NEIROEUR,NEIRO,ZEUR,0.4,0.25
NEIROUSD,NEIROUSD,NEIRO,ZUSD,0.4,0.25
NMREUR,NMREUR,NMR,ZEUR,0.4,0.25
NMRUSD,NMRUSD,NMR,ZUSD,0.4,0.25
NODLEUR,NODLEUR,NODL,ZEUR,0.4,0.25
NODLUSD,NODLUSD,NODL,ZUSD,0.4,0.25
NOSEUR,NOSEUR,NOS,ZEUR,0.4,0.25
NOSUSD,NOSUSD,NOS,ZUSD,0.4,0.25
NTRNEUR,NTRNEUR,NTRN,ZEUR,0.4,0.25
NTRNUSD,NTRNUSD,NTRN,ZUSD,0.4,0.25
NYMEUR,NYMEUR,NYM,ZEUR,0.4,0.25
NYMUSD,NYMUSD,NYM,ZUSD,0.4,0.25
OCEANEUR,OCEANEUR,OCEAN,ZEUR,0.4,0.25
OCEANUSD,OCEANUSD,OCEAN,ZUSD,0.4,0.25
OGNEUR,OGNEUR,OGN,ZEUR,0.4,0.25
OGNUSD,OGNUSD,OGN,ZUSD,0.4,0.25
OMGEUR,OMGEUR,OMG,ZEUR,0.4,0.25
OMGUSD,OMGUSD,OMG,ZUSD,0.4,0.25
OMNIEUR,OMNIEUR,OMNI,ZEUR,0.4,0.25
OMNIUSD,OMNIUSD,OMNI,ZUSD,0.4,0.25
ONDOEUR,ONDOEUR,ONDO,ZEUR,0.4,0.25
ONDOUSD,ONDOUSD,ONDO,ZUSD,0.4,0.25
OPEUR,OPEUR,OP,ZEUR,0.4,0.25
OPUSD,OPUSD,OP,ZUSD,0.4,0.25
ORCAEUR,ORCAEUR,ORCA,ZEUR,0.4,0.25
ORCAUSD,ORCAUSD,ORCA,ZUSD,0.4,0.25
OSMOEUR,OSMOEUR,OSMO,ZEUR,0.4,0.25
OSMOUSD,OSMOUSD,OSMO,ZUSD,0.4,0.25
OXTEUR,OXTEUR,OXT,ZEUR,0.4,0.25
OXTUSD,OXTUSD,OXT,ZUSD,0.4,0.25
OXYEUR,OXYEUR,OXY,ZEUR,0.4,0.25
OXYUSD,OXYUSD,OXY,ZUSD,0.4,0.25
PAXGETH,PAXGETH,PAXG,XETH,0.4,0.25
PAXGEUR,PAXGEUR,PAXG,ZEUR,0.4,0.25
PAXGUSD,PAXGUSD,PAXG,ZUSD,0.4,0.25
PAXGXBT,PAXGXBT,PAXG,XXBT,0.4,0.25
PDAEUR,PDAEUR,PDA,ZEUR,0.4,0.25
PDAUSD,PDAUSD,PDA,ZUSD,0.4,0.25
PENDLEEUR,PENDLEEUR,PENDLE,ZEUR,0.4,0.25
PENDLEUSD,PENDLEUSD,PENDLE,ZUSD,0.4,0.25
PEPEAUD,PEPEAUD,PEPE,ZAUD,0.4,0.25
PEPECAD,PEPECAD,PEPE,ZCAD,0.4,0.25
PEPEEUR,PEPEEUR,PEPE,ZEUR,0.4,0.25
PEPEGBP,PEPEGBP,PEPE,ZGBP,0.4,0.25
PEPEUSD,PEPEUSD,PEPE,ZUSD,0.4,0.25
PERPEUR,PERPEUR,PERP,ZEUR,0.4,0.25
PERPUSD,PERPUSD,PERP,ZUSD,0.4,0.25
PHAEUR,PHAEUR,PHA,ZEUR,0.4,0.25
PHAUSD,PHAUSD,PHA,ZUSD,0.4,0.25
PNUTEUR,PNUTEUR,PNUT,ZEUR,0.4,0.25
PNUTUSD,PNUTUSD,PNUT,ZUSD,0.4,0.25
POLEUR,POLEUR,POL,ZEUR,0.4,0.25
POLISEUR,POLISEUR,POLIS,ZEUR,0.4,0.25
POLISUSD,POLISUSD,POLIS,ZUSD,0.4,0.25
POLSEUR,POLSEUR,POLS,ZEUR,0.4,0.25
POLSUSD,POLSUSD,POLS,ZUSD,0.4,0.25
POLUSD,POLUSD,POL,ZUSD,0.4,0.25
PONDEUR,PONDEUR,POND,ZEUR,0.4,0.25
PONDUSD,PONDUSD,POND,ZUSD,0.4,0.25
PONKEEUR,PONKEEUR,PONKE,ZEUR,0.4,0.25
PONKEUSD,PONKEUSD,PONKE,ZUSD,0.4,0.25
POPCATEUR,POPCATEUR,POPCAT,ZEUR,0.4,0.25
POPCATGBP,POPCATGBP,POPCAT,ZGBP,0.4,0.25
POPCATUSD,POPCATUSD,POPCAT,ZUSD,0.4,0.25
PORTALEUR,PORTALEUR,PORTAL,ZEUR,0.4,0.25
PORTALUSD,PORTALUSD,PORTAL,ZUSD,0.4,0.25
POWREUR,POWREUR,POWR,ZEUR,0.4,0.25
POWRUSD,POWRUSD,POWR,ZUSD,0.4,0.25
PRCLEUR,PRCLEUR,PRCL,ZEUR,0.4,0.25
PRCLUSD,PRCLUSD,PRCL,ZUSD,0.4,0.25
PRIMEEUR,PRIMEEUR,PRIME,ZEUR,0.4,0.25
PRIMEUSD,PRIMEUSD,PRIME,ZUSD,0.4,0.25
PSTAKEEUR,PSTAKEEUR,PSTAKE,ZEUR,0.4,0.25
PSTAKEUSD,PSTAKEUSD,PSTAKE,ZUSD,0.4,0.25
PUFFEREUR,PUFFEREUR,PUFFER,ZEUR,0.4,0.25
PUFFERUSD,PUFFERUSD,PUFFER,ZUSD,0.4,0.25
PYTHEUR,PYTHEUR,PYTH,ZEUR,0.4,0.25
PYTHUSD,PYTHUSD,PYTH,ZUSD,0.4,0.25
PYUSDEUR,PYUSDEUR,PYUSD,ZEUR,0.2,0.2
PYUSDUSD,PYUSDUSD,PYUSD,ZUSD,0.2,0.2
QNTEUR,QNTEUR,QNT,ZEUR,0.4,0.25
QNTUSD,QNTUSD,QNT,ZUSD,0.4,0.25
QTUMEUR,QTUMEUR,QTUM,ZEUR,0.4,0.25
QTUMUSD,QTUMUSD,QTUM,ZUSD,0.4,0.25
RADEUR,RADEUR,RAD,ZEUR,0.4,0.25
RADUSD,RADUSD,RAD,ZUSD,0.4,0.25
RAREEUR,RAREEUR,RARE,ZEUR,0.4,0.25
RAREUSD,RAREUSD,RARE,ZUSD,0.4,0.25
RARIEUR,RARIEUR,RARI,ZEUR,0.4,0.25
RARIUSD,RARIUSD,RARI,ZUSD,0.4,0.25
RAYEUR,RAYEUR,RAY,ZEUR,0.4,0.25
RAYUSD,RAYUSD,RAY,ZUSD,0.4,0.25
RBCEUR,RBCEUR,RBC,ZEUR,0.4,0.25
RBCUSD,RBCUSD,RBC,ZUSD,0.4,0.25
RENDEREUR,RENDEREUR,RENDER,ZEUR,0.4,0.25
RENDERUSD,RENDERUSD,RENDER,ZUSD,0.4,0.25
RENEUR,RENEUR,REN,ZEUR,0.4,0.25
RENUSD,RENUSD,REN,ZUSD,0.4,0.25
REPV2EUR,REPV2EUR,REPV2,ZEUR,0.4,0.25
REPV2USD,REPV2USD,REPV2,ZUSD,0.4,0.25
REQEUR,REQEUR,REQ,ZEUR,0.4,0.25
REQUSD,REQUSD,REQ,ZUSD,0.4,0.25
REZEUR,REZEUR,REZ,ZEUR,0.4,0.25
REZUSD,REZUSD,REZ,ZUSD,0.4,0.25
RLCEUR,RLCEUR,RLC,ZEUR,0.4,0.25
RLCUSD,RLCUSD,RLC,ZUSD,0.4,0.25
ROOKEUR,ROOKEUR,ROOK,ZEUR,0.4,0.25
ROOKUSD,ROOKUSD,ROOK,ZUSD,0.4,0.25
RPLEUR,RPLEUR,RPL,ZEUR,0.4,0.25
RPLUSD,RPLUSD,RPL,ZUSD,0.4,0.25
RSREUR,RSREUR,RSR,ZEUR,0.4,0.25
RSRUSD,RSRUSD,RSR,ZUSD,0.4,0.25
RUNEEUR,RUNEEUR,RUNE,ZEUR,0.4,0.25
RUNEUSD,RUNEUSD,RUNE,ZUSD,0.4,0.25
SAFEEUR,SAFEEUR,SAFE,ZEUR,0.4,0.25
SAFEUSD,SAFEUSD,SAFE,ZUSD,0.4,0.25
SAGAEUR,SAGAEUR,SAGA,ZEUR,0.4,0.25
SAGAUSD,SAGAUSD,SAGA,ZUSD,0.4,0.25
SAMOEUR,SAMOEUR,SAMO,ZEUR,0.4,0.25
SAMOUSD,SAMOUSD,SAMO,ZUSD,0.4,0.25
SANDEUR,SANDEUR,SAND,ZEUR,0.4,0.25
SANDGBP,SANDGBP,SAND,ZGBP,0.4,0.25
SANDUSD,SANDUSD,SAND,ZUSD,0.4,0.25
SANDXBT,SANDXBT,SAND,XXBT,0.4,0.25
SBREUR,SBREUR,SBR,ZEUR,0.4,0.25
SBRUSD,SBRUSD,SBR,ZUSD,0.4,0.25
SCEUR,SCEUR,SC,ZEUR,0.4,0.25
SCRTEUR,SCRTEUR,SCRT,ZEUR,0.4,0.25
SCRTUSD,SCRTUSD,SCRT,ZUSD,0.4,0.25
SCUSD,SCUSD,SC,ZUSD,0.4,0.25
SCXBT,SCXBT,SC,XXBT,0.4,0.25
SDNEUR,SDNEUR,SDN,ZEUR,0.4,0.25
SDNUSD,SDNUSD,SDN,ZUSD,0.4,0.25
SEIEUR,SEIEUR,SEI,ZEUR,0.4,0.25
SEIUSD,SEIUSD,SEI,ZUSD,0.4,0.25
SGBEUR,SGBEUR,SGB,ZEUR,0.4,0.25
SGBUSD,SGBUSD,SGB,ZUSD,0.4,0.25
SHIBEUR,SHIBEUR,SHIB,ZEUR,0.4,0.25
SHIBUSD,SHIBUSD,SHIB,ZUSD,0.4,0.25
SHIBUSDC,SHIBUSDC,SHIB,USDC,0.4,0.25
SHIBUSDT,SHIBUSDT,SHIB,USDT,0.4,0.25
SKYEUR,SKYEUR,SKY,ZEUR,0.4,0.25
SKYUSD,SKYUSD,SKY,ZUSD,0.4,0.25
SNXEUR,SNXEUR,SNX,ZEUR,0.4,0.25
SNXUSD,SNXUSD,SNX,ZUSD,0.4,0.25
SNXXBT,SNXXBT,SNX,XXBT,0.4,0.25
SOLAUD,SOLAUD,SOL,ZAUD,0.4,0.25
SOLCAD,SOLCAD,SOL,ZCAD,0.4,0.25
SOLETH,SOLETH,SOL,XETH,0.4,0.25
SOLEUR,SOLEUR,SOL,ZEUR,0.4,0.25
SOLGBP,SOLGBP,SOL,ZGBP,0.4,0.25
SOLUSD,SOLUSD,SOL,ZUSD,0.4,0.25
SOLUSDC,SOLUSDC,SOL,USDC,0.4,0.25
SOLUSDT,SOLUSDT,SOL,USDT,0.4,0.25
SOLXBT,SOLXBT,SOL,XXBT,0.4,0.25
SPELLEUR,SPELLEUR,SPELL,ZEUR,0.4,0.25
SPELLUSD,SPELLUSD,SPELL,ZUSD,0.4,0.25
SPXEUR,SPXEUR,SPX,ZEUR,0.4,0.25
SPXUSD,SPXUSD,SPX,ZUSD,0.4,0.25
SRMEUR,SRMEUR,SRM,ZEUR,0.4,0.25
SRMUSD,SRMUSD,SRM,ZUSD,0.4,0.25
STEPEUR,STEPEUR,STEP,ZEUR,0.4,0.25
STEPUSD,STEPUSD,STEP,ZUSD,0.4,0.25
STGEUR,STGEUR,STG,ZEUR,0.4,0.25
STGUSD,STGUSD,STG,ZUSD,0.4,0.25
STORJEUR,STORJEUR,STORJ,ZEUR,0.4,0.25
STORJUSD,STORJUSD,STORJ,ZUSD,0.4,0.25
STRDEUR,STRDEUR,STRD,ZEUR,0.4,0.25
STRDUSD,STRDUSD,STRD,ZUSD,0.4,0.25
STRKEUR,STRKEUR,STRK,ZEUR,0.4,0.25
STRKUSD,STRKUSD,STRK,ZUSD,0.4,0.25
STXEUR,STXEUR,STX,ZEUR,0.4,0.25
STXUSD,STXUSD,STX,ZUSD,0.4,0.25
SUIEUR,SUIEUR,SUI,ZEUR,0.4,0.25
SUIGBP,SUIGBP,SUI,ZGBP,0.4,0.25
SUIUSD,SUIUSD,SUI,ZUSD,0.4,0.25
SUPEREUR,SUPEREUR,SUPER,ZEUR,0.4,0.25
SUPERUSD,SUPERUSD,SUPER,ZUSD,0.4,0.25
SUSHIEUR,SUSHIEUR,SUSHI,ZEUR,0.4,0.25
SUSHIUSD,SUSHIUSD,SUSHI,ZUSD,0.4,0.25
SWELLEUR,SWELLEUR,SWELL,ZEUR,0.4,0.25
SWELLUSD,SWELLUSD,SWELL,ZUSD,0.4,0.25
SYNEUR,SYNEUR,SYN,ZEUR,0.4,0.25
SYNUSD,SYNUSD,SYN,ZUSD,0.4,0.25
SYRUPEUR,SYRUPEUR,SYRUP,ZEUR,0.4,0.25
SYRUPUSD,SYRUPUSD,SYRUP,ZUSD,0.4,0.25
TAOEUR,TAOEUR,TAO,ZEUR,0.4,0.25
TAOUSD,TAOUSD,TAO,ZUSD,0.4,0.25
TBTCEUR,TBTCEUR,TBTC,ZEUR,0.4,0.25
TBTCUSD,TBTCUSD,TBTC,ZUSD,0.4,0.25
TBTCXBT,TBTCXBT,TBTC,XXBT,0.2,0.2
TEEREUR,TEEREUR,TEER,ZEUR,0.4,0.25
TEERUSD,TEERUSD,TEER,ZUSD,0.4,0.25
TEUR,TEUR,T,ZEUR,0.4,0.25
TIAEUR,TIAEUR,TIA,ZEUR,0.4,0.25
TIAUSD,TIAUSD,TIA,ZUSD,0.4,0.25
TLMEUR,TLMEUR,TLM,ZEUR,0.4,0.25
TLMUSD,TLMUSD,TLM,ZUSD,0.4,0.25
TNSREUR,TNSREUR,TNSR,ZEUR,0.4,0.25
TNSRUSD,TNSRUSD,TNSR,ZUSD,0.4,0.25
TOKEEUR,TOKEEUR,TOKE,ZEUR,0.4,0.25
TOKEUSD,TOKEUSD,TOKE,ZUSD,0.4,0.25
TONEUR,TONEUR,TON,ZEUR,0.4,0.25
TONUSD,TONUSD,TON,ZUSD,0.4,0.25
TONUSDC,TONUSDC,TON,USDC,0.4,0.25
TRACEUR,TRACEUR,TRAC,ZEUR,0.4,0.25
TRACUSD,TRACUSD,TRAC,ZUSD,0.4,0.25
TREMPEUR,TREMPEUR,TREMP,ZEUR,0.4,0.25
TREMPUSD,TREMPUSD,TREMP,ZUSD,0.4,0.25
TRUEUR,TRUEUR,TRU,ZEUR,0.4,0.25
TRUUSD,TRUUSD,TRU,ZUSD,0.4,0.25
TRXETH,TRXETH,TRX,XETH,0.4,0.25
TRXEUR,TRXEUR,TRX,ZEUR,0.4,0.25
TRXUSD,TRXUSD,TRX,ZUSD,0.4,0.25
TRXXBT,TRXXBT,TRX,XXBT,0.4,0.25
TURBOEUR,TURBOEUR,TURBO,ZEUR,0.4,0.25
TURBOUSD,TURBOUSD,TURBO,ZUSD,0.4,0.25
TUSD,TUSD,T,ZUSD,0.4,0.25
TUSDEUR,TUSDEUR,TUSD,ZEUR,0.2,0.2
TUSDUSD,TUSDUSD,TUSD,ZUSD,0.2,0.2
TVKEUR,TVKEUR,TVK,ZEUR,0.4,0.25
TVKUSD,TVKUSD,TVK,ZUSD,0.4,0.25
UMAEUR,UMAEUR,UMA,ZEUR,0.4,0.25
UMAUSD,UMAUSD,UMA,ZUSD,0.4,0.25
UNFIEUR,UNFIEUR,UNFI,ZEUR,0.4,0.25
UNFIUSD,UNFIUSD,UNFI,ZUSD,0.4,0.25
UNIETH,UNIETH,UNI,XETH,0.4,0.25
UNIEUR,UNIEUR,UNI,ZEUR,0.4,0.25
UNIUSD,UNIUSD,UNI,ZUSD,0.4,0.25
UNIXBT,UNIXBT,UNI,XXBT,0.4,0.25
USDCAUD,USDCAUD,USDC,ZAUD,0.2,0.2
USDCCAD,USDCCAD,USDC,ZCAD,0.2,0.2
USDCCHF,USDCCHF,USDC,CHF,0.2,0.2
USDCEUR,USDCEUR,USDC,ZEUR,0.2,0.2
USDCGBP,USDCGBP,USDC,ZGBP,0.2,0.2
USDCHF,USDCHF,ZUSD,CHF,0.2,0.2
USDCUSD,USDCUSD,USDC,ZUSD,0.2,0.2
USDCUSDT,USDCUSDT,USDC,USDT,0.2,0.2
USDGUSD,USDGUSD,USDG,ZUSD,0.01,0.0
USDGUSDC,USDGUSDC,USDG,USDC,0.01,0.0
USDQUSD,USDQUSD,USDQ,ZUSD,0.01,0.0
USDQUSDC,USDQUSDC,USDQ,USDC,0.01,0.0
USDQUSDT,USDQUSDT,USDQ,USDT,0.01,0.0
USDSEUR,USDSEUR,USDS,ZEUR,0.2,0.2
USDSUSD,USDSUSD,USDS,ZUSD,0.2,0.2
USDTAUD,USDTAUD,USDT,ZAUD,0.2,0.2
USDTCAD,USDTCAD,USDT,ZCAD,0.2,0.2
USDTCHF,USDTCHF,USDT,CHF,0.2,0.2
USDTEUR,USDTEUR,USDT,ZEUR,0.2,0.2
USDTGBP,USDTGBP,USDT,ZGBP,0.2,0.2
USDTJPY,USDTJPY,USDT,ZJPY,0.2,0.2
USDTZUSD,USDTUSD,USDT,ZUSD,0.2,0.2
USTEUR,USTEUR,UST,ZEUR,0.4,0.25
USTUSD,USTUSD,UST,ZUSD,0.4,0.25
USTUSDC,USTUSDC,UST,USDC,0.4,0.25
USTUSDT,USTUSDT,UST,USDT,0.4,0.25
VANRYEUR,VANRYEUR,VANRY,ZEUR,0.4,0.25
VANRYUSD,VANRYUSD,VANRY,ZUSD,0.4,0.25
WAXLEUR,WAXLEUR,WAXL,ZEUR,0.4,0.25
WAXLUSD,WAXLUSD,WAXL,ZUSD,0.4,0.25
WBTCEUR,WBTCEUR,WBTC,ZEUR,0.4,0.25
WBTCUSD,WBTCUSD,WBTC,ZUSD,0.4,0.25
WBTCXBT,WBTCXBT,WBTC,XXBT,0.2,0.2
WENEUR,WENEUR,WEN,ZEUR,0.4,0.25
WENUSD,WENUSD,WEN,ZUSD,0.4,0.25
WEUR,WEUR,W,ZEUR,0.4,0.25
WIFEUR,WIFEUR,WIF,ZEUR,0.4,0.25
WIFGBP,WIFGBP,WIF,ZGBP,0.4,0.25
WIFUSD,WIFUSD,WIF,ZUSD,0.4,0.25
WOOEUR,WOOEUR,WOO,ZEUR,0.4,0.25
WOOUSD,WOOUSD,WOO,ZUSD,0.4,0.25
WUSD,WUSD,W,ZUSD,0.4,0.25
XBTAUD,XBTAUD,XXBT,ZAUD,0.4,0.25
XBTCHF,XBTCHF,XXBT,CHF,0.4,0.25
XBTDAI,XBTDAI,XXBT,DAI,0.4,0.25
XBTPYUSD,XBTPYUSD,XXBT,PYUSD,0.4,0.25
XBTUSDC,XBTUSDC,XXBT,USDC,0.4,0.25
XBTUSDT,XBTUSDT,XXBT,USDT,0.4,0.25
XCNEUR,XCNEUR,XCN,ZEUR,0.4,0.25
XCNUSD,XCNUSD,XCN,ZUSD,0.4,0.25
XDGAUD,XDGAUD,XXDG,ZAUD,0.4,0.25
XDGCAD,XDGCAD,XXDG,ZCAD,0.4,0.25
XDGEUR,XDGEUR,XXDG,ZEUR,0.4,0.25
XDGGBP,XDGGBP,XXDG,ZGBP,0.4,0.25
XDGUSD,XDGUSD,XXDG,ZUSD,0.4,0.25
XDGUSDC,XDGUSDC,XXDG,USDC,0.4,0.25
XDGUSDT,XDGUSDT,XXDG,USDT,0.4,0.25
XETCXETH,ETCETH,XETC,XETH,0.4,0.25
XETCXXBT,ETCXBT,XETC,XXBT,0.4,0.25
XETCZEUR,ETCEUR,XETC,ZEUR,0.4,0.25
XETCZUSD,ETCUSD,XETC,ZUSD,0.4,0.25
XETHXXBT,ETHXBT,XETH,XXBT,0.4,0.25
XETHZCAD,ETHCAD,XETH,ZCAD,0.4,0.25
XETHZEUR,ETHEUR,XETH,ZEUR,0.4,0.25
XETHZGBP,ETHGBP,XETH,ZGBP,0.4,0.25
XETHZJPY,ETHJPY,XETH,ZJPY,0.4,0.25
XETHZUSD,ETHUSD,XETH,ZUSD,0.4,0.25
XLTCXXBT,LTCXBT,XLTC,XXBT,0.4,0.25
XLTCZEUR,LTCEUR,XLTC,ZEUR,0.4,0.25
XLTCZJPY,LTCJPY,XLTC,ZJPY,0.4,0.25
XLTCZUSD,LTCUSD,XLTC,ZUSD,0.4,0.25
XMLNXXBT,MLNXBT,XMLN,XXBT,0.4,0.25
XMLNZEUR,MLNEUR,XMLN,ZEUR,0.4,0.25
XMLNZUSD,MLNUSD,XMLN,ZUSD,0.4,0.25
XMRUSDC,XMRUSDC,XXMR,USDC,0.4,0.25
XMRUSDT,XMRUSDT,XXMR,USDT,0.4,0.25
XREPZEUR,REPEUR,XREP,ZEUR,0.4,0.25
XREPZUSD,REPUSD,XREP,ZUSD,0.4,0.25
XRPAUD,XRPAUD,XXRP,ZAUD,0.4,0.25
XRPETH,XRPETH,XXRP,XETH,0.4,0.25
XRPGBP,XRPGBP,XXRP,ZGBP,0.4,0.25
XRPUSDC,XRPUSDC,XXRP,USDC,0.4,0.25
XRPUSDT,XRPUSDT,XXRP,USDT,0.4,0.25
XRTEUR,XRTEUR,XRT,ZEUR,0.4,0.25
XRTUSD,XRTUSD,XRT,ZUSD,0.4,0.25
XTZEUR,XTZEUR,XTZ,ZEUR,0.4,0.25
XTZUSD,XTZUSD,XTZ,ZUSD,0.4,0.25
XTZUSDC,XTZUSDC,XTZ,USDC,0.4,0.25
XTZUSDT,XTZUSDT,XTZ,USDT,0.4,0.25
XXBTZCAD,XBTCAD,XXBT,ZCAD,0.4,0.25
XXBTZEUR,XBTEUR,XXBT,ZEUR,0.4,0.25
XXBTZGBP,XBTGBP,XXBT,ZGBP,0.4,0.25
XXBTZJPY,XBTJPY,XXBT,ZJPY,0.4,0.25
XXBTZUSD,XBTUSD,XXBT,ZUSD,0.4,0.25
XXDGXXBT,XDGXBT,XXDG,XXBT,0.4,0.25
XXLMXXBT,XLMXBT,XXLM,XXBT,0.4,0.25
XXLMZEUR,XLMEUR,XXLM,ZEUR,0.4,0.25
XXLMZGBP,XLMGBP,XXLM,ZGBP,0.4,0.25
XXLMZUSD,XLMUSD,XXLM,ZUSD,0.4,0.25
XXMRXXBT,XMRXBT,XXMR,XXBT,0.4,0.25
XXMRZEUR,XMREUR,XXMR,ZEUR,0.4,0.25
XXMRZUSD,XMRUSD,XXMR,ZUSD,0.4,0.25
XXRPXXBT,XRPXBT,XXRP,XXBT,0.4,0.25
XXRPZCAD,XRPCAD,XXRP,ZCAD,0.4,0.25
XXRPZEUR,XRPEUR,XXRP,ZEUR,0.4,0.25
XXRPZUSD,XRPUSD,XXRP,ZUSD,0.4,0.25
XZECXXBT,ZECXBT,XZEC,XXBT,0.4,0.25
XZECZEUR,ZECEUR,XZEC,ZEUR,0.4,0.25
XZECZUSD,ZECUSD,XZEC,ZUSD,0.4,0.25
YFIEUR,YFIEUR,YFI,ZEUR,0.4,0.25
YFIUSD,YFIUSD,YFI,ZUSD,0.4,0.25
YGGEUR,YGGEUR,YGG,ZEUR,0.4,0.25
YGGUSD,YGGUSD,YGG,ZUSD,0.4,0.25
ZETAEUR,ZETAEUR,ZETA,ZEUR,0.4,0.25
ZETAUSD,ZETAUSD,ZETA,ZUSD,0.4,0.25
ZEURZUSD,EURUSD,ZEUR,ZUSD,0.2,0.2
ZEUSEUR,ZEUSEUR,ZEUS,ZEUR,0.4,0.25
ZEUSUSD,ZEUSUSD,ZEUS,ZUSD,0.4,0.25
ZEXEUR,ZEXEUR,ZEX,ZEUR,0.4,0.25
ZEXUSD,ZEXUSD,ZEX,ZUSD,0.4,0.25
ZGBPZUSD,GBPUSD,ZGBP,ZUSD,0.2,0.2
ZKEUR,ZKEUR,ZK,ZEUR,0.4,0.25
ZKUSD,ZKUSD,ZK,ZUSD,0.4,0.25
ZROEUR,ZROEUR,ZRO,ZEUR,0.4,0.25
ZROUSD,ZROUSD,ZRO,ZUSD,0.4,0.25
ZRXEUR,ZRXEUR,ZRX,ZEUR,0.4,0.25
ZRXUSD,ZRXUSD,ZRX,ZUSD,0.4,0.25
ZRXXBT,ZRXXBT,ZRX,XXBT,0.4,0.25
ZUSDZCAD,USDCAD,ZUSD,ZCAD,0.2,0.2
ZUSDZJPY,USDJPY,ZUSD,ZJPY,0.2,0.2
